ID,Name,Link
1, chmury,https://media.geeksforgeeks.org/wp-content/uploads/20190616234019/Canvas.move_.mp4
2, slonce,https://www.youtube.com/watch?v=S8efbZDXFKU
3, komputer,https://media.geeksforgeeks.org/wp-content/uploads/20190616234019/Canvas.move_.mp4
4, snieg,https://www.youtube.com/watch?v=S8efbZDXFKU
5, woda,https://media.geeksforgeeks.org/wp-content/uploads/20190616234019/Canvas.move_.mp4
6, ocean,https://www.youtube.com/watch?v=S8efbZDXFKU
7, zycie,https://media.geeksforgeeks.org/wp-content/uploads/20190616234019/Canvas.move_.mp4
8, wulkan,https://www.youtube.com/watch?v=S8efbZDXFKU
9, kosmos,https://media.geeksforgeeks.org/wp-content/uploads/20190616234019/Canvas.move_.mp4
10, pustynia,https://www.youtube.com/watch?v=S8efbZDXFKU
11, dzungla,https://media.geeksforgeeks.org/wp-content/uploads/20190616234019/Canvas.move_.mp4
12, muzyka,https://www.youtube.com/watch?v=S8efbZDXFKU
13, koncert,https://media.geeksforgeeks.org/wp-content/uploads/20190616234019/Canvas.move_.mp4
14, ludzie,https://www.youtube.com/watch?v=S8efbZDXFKU
15, deszcz,https://media.geeksforgeeks.org/wp-content/uploads/20190616234019/Canvas.move_.mp4
